{
  "timestamp": "20251229_153807",
  "best_params": {
    "class_weight": "balanced",
    "max_depth": 15,
    "max_features": "sqrt",
    "min_samples_leaf": 2,
    "min_samples_split": 5,
    "n_estimators": 300
  },
  "best_cv_kappa": 0.5725788624728373,
  "test_kappa": 0.6054923231032883,
  "cv_test_gap": -0.032913460630450975,
  "train_cv_gap": 0.41154419287553834,
  "classification_report": {
    "high": {
      "precision": 0.7142857142857143,
      "recall": 0.5625,
      "f1-score": 0.6293706293706294,
      "support": 80.0
    },
    "low": {
      "precision": 0.575,
      "recall": 0.5227272727272727,
      "f1-score": 0.5476190476190477,
      "support": 132.0
    },
    "moderate": {
      "precision": 0.7028301886792453,
      "recall": 0.7339901477832512,
      "f1-score": 0.7180722891566265,
      "support": 203.0
    },
    "unburned": {
      "precision": 0.8083333333333333,
      "recall": 0.8818181818181818,
      "f1-score": 0.8434782608695652,
      "support": 220.0
    },
    "accuracy": 0.7196850393700788,
    "macro avg": {
      "precision": 0.7001123090745731,
      "recall": 0.6752589005821764,
      "f1-score": 0.6846350567539672,
      "support": 635.0
    },
    "weighted avg": {
      "precision": 0.7142531004379171,
      "recall": 0.7196850393700788,
      "f1-score": 0.7149122153156915,
      "support": 635.0
    }
  },
  "n_configurations_tested": 48,
  "cv_folds": 5
}