{
  "model_type": "RandomForest_TF_Wrapped",
  "feature_names": [
    "dnbr",
    "dndvi",
    "dndbi",
    "dbsi",
    "nbr",
    "ndbi",
    "nirBand",
    "bsi",
    "ndvi",
    "swir2Band",
    "swir1Band",
    "rdgh_6",
    "mndwi",
    "greenBand",
    "blueBand",
    "dmndwi",
    "rdgh_5",
    "wc_bio06",
    "redBand",
    "wc_bio15",
    "wc_bio07",
    "relelev_16",
    "vd_6",
    "wc_bio16",
    "vd_5",
    "wc_bio12",
    "relelev_32",
    "wc_bio04",
    "wc_bio02",
    "wc_bio08",
    "vrm_32",
    "wc_bio17",
    "pisrdif_2021-12-22",
    "wc_bio19",
    "wc_bio13",
    "wc_bio11",
    "wc_bio18",
    "rlp_6",
    "aspct_32",
    "tsc_32",
    "vrm_16",
    "dah",
    "stddevelev_16",
    "relelev_8",
    "sl_32",
    "aspct_4",
    "msp",
    "tri_16",
    "profc_32",
    "aspct_8"
  ],
  "n_features": 50,
  "class_names": [
    "unburned",
    "low",
    "moderate",
    "high"
  ],
  "scaler_mean": [
    0.2556146507512132,
    0.22268987372202068,
    -0.15354270864691272,
    -0.1455436831385757,
    0.07448323687817043,
    0.03063297671326651,
    0.15941311330041824,
    0.0790746468939935,
    0.3434376819929279,
    0.14297262461540153,
    0.17184643432839958,
    1874.1700279340614,
    -0.45828162298884273,
    0.0638987219196421,
    0.04963064094688993,
    -0.0425591522489719,
    1631.8335430750092,
    -34.59867106388194,
    0.07801706840992471,
    74.95229612248072,
    317.83508558428093,
    92.92705108888386,
    525.3753908336078,
    429.1847737011094,
    283.03880304248014,
    874.6337103873454,
    151.76600765878743,
    5952.976513504238,
    148.962960577785,
    33.07172580049474,
    0.03185797252672557,
    32.707768569762045,
    0.6219347189465414,
    424.37096706490394,
    157.06204968832256,
    29.067527755134797,
    38.042521695891274,
    0.21751319664002217,
    185.90802747578581,
    47.884295009941646,
    0.025727767850746385,
    0.01774955979225401,
    48.50940335192224,
    54.68940261512442,
    5.878780011444605,
    183.60108553105675,
    0.5681694087422662,
    55.20204487362977,
    -2.8251680991282243e-05,
    182.77682292582315
  ],
  "scaler_scale": [
    0.3669615066174495,
    0.23637411954108584,
    0.28032315249635337,
    0.2626408152623432,
    0.3139171267900272,
    0.23981668435016765,
    0.07090564540610651,
    0.22763333313314363,
    0.2091220951203869,
    0.08201193023707382,
    0.08537633171390721,
    659.5129342016772,
    0.18943800269192906,
    0.04178644899228365,
    0.039244063203977976,
    0.17424451248069459,
    672.5124372047898,
    43.103839459849524,
    0.04872302807836503,
    10.277498711478543,
    39.11534548615432,
    73.81430446759327,
    312.0568999252683,
    129.38177444367176,
    201.9490815990833,
    257.1482324835555,
    119.99061240910459,
    912.4510534191364,
    14.403495466551616,
    40.74831219278083,
    0.022816091216199968,
    15.864284379586174,
    0.0657071475731476,
    129.04558454184712,
    48.851242752632594,
    42.00236720184295,
    14.998740887035304,
    0.2566542497881101,
    96.8044093944231,
    4.8115692553721665,
    0.02145611756507233,
    0.1770090785091203,
    27.05180240915152,
    43.063681296355874,
    3.904213794583743,
    95.75595328389836,
    0.295645175449849,
    30.107207369187016,
    0.00014863256822336416,
    95.87202993243228
  ],
  "training_info": {
    "test_kappa": 0.590509587610808,
    "test_accuracy": 0.7098283931357254,
    "best_params": {
      "class_weight": "balanced",
      "max_depth": "20",
      "min_samples_leaf": "2",
      "min_samples_split": "2",
      "n_estimators": "1000"
    },
    "experiment": "OldUp + Top50 [TUNED]",
    "n_samples": 3204
  },
  "export_date": "2026-03-04T15:40:03.283786"
}