{
  "accuracy": 0.22032085561497325,
  "kappa": 0.019448048865398526,
  "confusion_matrix": [
    [
      34,
      0,
      30,
      0
    ],
    [
      112,
      3,
      74,
      0
    ],
    [
      159,
      6,
      162,
      7
    ],
    [
      181,
      6,
      154,
      7
    ]
  ],
  "class_names": [
    "high",
    "low",
    "moderate",
    "unburned"
  ],
  "classification_report": {
    "high": {
      "precision": 0.06995884773662552,
      "recall": 0.53125,
      "f1-score": 0.12363636363636364,
      "support": 64.0
    },
    "low": {
      "precision": 0.2,
      "recall": 0.015873015873015872,
      "f1-score": 0.029411764705882353,
      "support": 189.0
    },
    "moderate": {
      "precision": 0.38571428571428573,
      "recall": 0.48502994011976047,
      "f1-score": 0.4297082228116711,
      "support": 334.0
    },
    "unburned": {
      "precision": 0.5,
      "recall": 0.020114942528735632,
      "f1-score": 0.03867403314917127,
      "support": 348.0
    },
    "accuracy": 0.22032085561497325,
    "macro avg": {
      "precision": 0.28891828336272785,
      "recall": 0.263066974630378,
      "f1-score": 0.1553575960757721,
      "support": 935.0
    },
    "weighted avg": {
      "precision": 0.3690972595547759,
      "recall": 0.22032085561497325,
      "f1-score": 0.1823023109702126,
      "support": 935.0
    }
  },
  "train_fires": [
    "dixie_2021",
    "caldor_2021",
    "creek_2020",
    "line_2024",
    "rim_2013",
    "oak_2022",
    "sugar_2021",
    "apple_2020",
    "eldorado_2020",
    "donnell_2018"
  ]
}